comment_id,comment_text,section,timestamp
1,"The proposed amendments to corporate governance are excellent and will significantly enhance transparency and accountability. This is a much-needed reform that will boost investor confidence.",Overall,2024-01-15 10:30:00
2,"I strongly oppose the implementation timeline. Small and medium enterprises need at least 18 months to comply with these stringent requirements. The current 6-month timeline is unrealistic.",Section 2.3,2024-01-15 11:45:00
3,"The requirement for independent directors is well thought out. However, the qualification criteria should be more clearly defined to avoid ambiguity in implementation.",Section 3.1,2024-01-15 14:20:00
4,"This legislation will impose significant compliance costs on businesses. We estimate an additional burden of 2-3% of annual revenue for small companies. This is unsustainable.",Financial Impact,2024-01-16 09:15:00
5,"Excellent initiative! The whistleblower protection mechanisms are particularly important and will help combat corporate fraud effectively.",Section 4.2,2024-01-16 10:30:00
6,"The penalty structure seems disproportionately harsh for minor violations. There should be a graded approach based on the severity and intent of non-compliance.",Section 5.1,2024-01-16 13:45:00
7,"We need clarification on what constitutes 'material information' in the context of disclosure requirements. The current definition is too vague.",Section 2.5,2024-01-17 08:00:00
8,"The audit committee requirements are aligned with international best practices. This will enhance the credibility of Indian companies in global markets.",Section 3.3,2024-01-17 11:20:00
9,"Concerned about the overlap with existing regulations. This creates confusion and increases compliance burden without adding value.",Overall,2024-01-17 14:50:00
10,"The provision for digital reporting is forward-thinking and will streamline the compliance process. However, ensure adequate cybersecurity measures.",Section 6.1,2024-01-18 09:30:00
11,"Small businesses will struggle to meet these requirements. Consider a phased implementation based on company size and turnover.",Implementation,2024-01-18 10:45:00
12,"The focus on ESG reporting is commendable and timely. This will help companies align with global sustainability standards.",Section 7.1,2024-01-18 15:00:00
13,"The definition of 'related party transactions' needs to be more comprehensive to prevent loopholes that could be exploited.",Section 4.5,2024-01-19 08:30:00
14,"Strongly support the mandatory rotation of auditors. This will enhance audit independence and quality.",Section 3.4,2024-01-19 11:00:00
15,"The compliance costs are prohibitive for startups. There should be exemptions or relaxed norms for companies below a certain threshold.",Financial Impact,2024-01-19 13:30:00
16,"The requirement for quarterly compliance certificates will create unnecessary paperwork. Annual certification should be sufficient.",Section 5.3,2024-01-20 09:00:00
17,"Excellent provisions for minority shareholder protection. This will strengthen corporate democracy and fairness.",Section 4.1,2024-01-20 10:15:00
18,"The technology requirements for real-time reporting are too advanced for many companies. Provide a transition period of 2 years.",Section 6.2,2024-01-20 14:00:00
19,"The board diversity requirements are progressive and will bring fresh perspectives to corporate decision-making.",Section 3.2,2024-01-21 08:45:00
20,"Need more clarity on the implementation mechanism and regulatory oversight. Who will monitor compliance and how?",Implementation,2024-01-21 11:30:00